,bookingid
0,3812
1,293
2,2169
3,2236
4,2339
5,529
6,3148
7,104
8,3942
9,1067
10,1438
11,1226
12,1497
13,1582
14,301
15,1924
16,355
17,2614
18,4249
19,744
20,3492
21,4221
22,3425
23,2492
24,3631
25,1781
26,20
27,1540
28,3610
29,2284
30,2964
31,1997
32,1782
33,1584
34,1428
35,1706
36,1657
37,4085
38,2409
39,3488
40,3102
41,513
42,756
43,883
44,429
45,3988
46,2929
47,624
48,1056
49,1851
50,251
51,2994
52,2650
53,1032
54,3136
55,2658
56,885
57,3184
58,4260
59,2633
60,1349
61,2044
62,2822
63,595
64,538
65,2757
66,272
67,386
68,2627
69,684
70,3190
71,323
72,1507
73,2978
74,3712
75,2889
76,407
77,1452
78,1976
79,1453
80,4299
81,3805
82,757
83,3090
84,1088
85,773
86,3737
87,3750
88,1884
89,590
90,2865
91,3173
92,4147
93,1175
94,3819
95,3939
96,2745
97,4278
98,4223
99,1012
100,230
101,1699
102,1975
103,172
104,3367
105,2413
106,3386
107,2482
108,188
109,1955
110,3617
111,4235
112,3976
113,365
114,3846
115,4042
116,2458
117,114
118,3048
119,2147
120,3764
121,1744
122,217
123,3484
124,3815
125,3931
126,3169
127,1275
128,4306
129,528
130,1816
131,2055
132,3658
133,1867
134,1883
135,519
136,4120
137,4106
138,3078
139,2894
140,1144
141,3995
142,2080
143,696
144,2260
145,2382
146,142
147,3914
148,1103
149,4107
150,4294
151,3963
152,7
153,3280
154,784
155,2360
156,117
157,2588
158,2387
159,1834
160,3902
161,115
162,2950
163,4311
164,1650
165,3088
166,1109
167,4236
168,3389
169,3747
170,2685
171,2315
172,3144
173,3355
174,1943
175,4208
176,2779
177,4269
178,1206
179,3749
180,1404
181,264
182,3911
183,266
184,225
185,2456
186,1696
187,873
188,3996
189,2781
190,3990
191,2957
192,979
193,3967
194,508
195,3086
196,3330
197,3701
198,2460
199,3798
200,2662
201,2635
202,2045
203,2124
204,1780
205,2874
206,2465
207,3674
208,4182
209,1738
210,2947
211,10
212,3195
213,4139
214,1138
215,2345
216,578
217,1471
218,3777
219,3851
220,1960
221,3204
222,1043
223,2085
224,2222
225,1115
226,2193
227,454
228,2732
229,903
230,2355
231,3504
232,1838
233,3634
234,2163
235,1746
236,2103
237,2680
238,3134
239,924
240,1761
241,3946
242,3009
243,434
244,502
245,306
246,1876
247,1771
248,385
249,1225
250,3107
251,8
252,158
253,122
254,3538
255,4246
256,1480
257,3302
258,2885
259,3108
260,4077
261,17
262,3411
263,3006
264,311
265,3624
266,67
267,141
268,3127
269,1492
270,727
271,3324
272,1553
273,815
274,2560
275,2694
276,1773
277,2200
278,1713
279,1689
280,1804
281,3818
282,350
283,2952
284,2518
285,3043
286,2866
287,3878
288,2681
289,2066
290,2502
291,1576
292,212
293,2427
294,2883
295,273
296,1277
297,4156
298,1343
299,2142
300,1423
301,923
302,2150
303,759
304,2328
305,4285
306,3935
307,1118
308,3069
309,4155
310,4146
311,2017
312,2974
313,559
314,1709
315,3423
316,3828
317,29
318,3291
319,4014
320,792
321,2785
322,54
323,3788
324,2817
325,2303
326,4041
327,2180
328,2615
329,772
330,4215
331,1858
332,1861
333,2632
334,2120
335,1035
336,2645
337,625
338,209
339,3561
340,3270
341,472
342,3081
343,270
344,2877
345,14
346,2059
347,1136
348,3044
349,3502
350,1794
351,983
352,3580
353,3627
354,892
355,1352
356,1700
357,66
358,277
359,3577
360,4181
361,1835
362,2397
363,1832
364,4071
365,1649
366,1402
367,3666
368,1080
369,2547
370,3677
371,1596
372,1377
373,3690
374,779
375,4053
376,4010
377,616
378,1356
379,1321
380,958
381,3428
382,193
383,256
384,3469
385,2600
386,3816
387,628
388,3602
389,3135
390,2609
391,1038
392,2463
393,4196
394,1208
395,2888
396,3822
397,4270
398,3860
399,4315
400,4257
401,3644
402,916
403,4179
404,371
405,640
406,4198
407,1933
408,3790
409,1914
410,3731
411,1430
412,3053
413,3271
414,2706
415,2982
416,3407
417,1619
418,882
419,4134
420,1042
421,3391
422,884
423,1569
424,4258
425,28
426,3447
427,4070
428,1810
429,570
430,3299
431,1558
432,120
433,338
434,3387
435,676
436,1487
437,3289
438,3200
439,838
440,636
441,2188
442,467
443,2252
444,4164
445,1613
446,2626
447,804
448,4074
449,1284
450,3420
451,3657
452,876
453,375
454,2464
455,1722
456,2118
457,505
458,2710
459,3927
460,2861
461,416
462,3554
463,1617
464,2734
465,2905
466,3429
467,3500
468,1312
469,2521
470,25
471,4126
472,3741
473,3143
474,4029
475,4047
476,1394
477,866
478,2663
479,3570
480,279
481,1719
482,3106
483,1079
484,2805
485,3921
486,2550
487,501
488,2934
489,2164
490,2520
491,1683
492,234
493,1524
494,902
495,4007
496,1019
497,3016
498,36
499,2543
500,3027
501,557
502,3073
503,1831
504,3920
505,2165
506,1285
507,1664
508,303
509,397
510,492
511,2551
512,1510
513,2738
514,3794
515,544
516,1962
517,4127
518,1468
519,243
520,3337
521,4153
522,1643
523,2321
524,384
525,1644
526,1565
527,495
528,1037
529,778
530,925
531,2536
532,2687
533,1784
534,218
535,506
536,71
537,738
538,2586
539,2365
540,576
541,1363
542,1879
543,2665
544,1028
545,214
546,387
547,3726
548,653
549,3029
550,1371
551,4129
552,1257
553,3820
554,3897
555,2857
556,4217
557,24
558,2647
559,2762
560,3207
561,4243
562,3576
563,879
564,1809
565,3385
566,890
567,1945
568,2843
569,896
570,1317
571,330
572,3123
573,38
574,1805
575,145
576,4280
577,175
578,609
579,4304
580,2089
581,1671
582,2715
583,1545
584,3434
585,3074
586,4024
587,3275
588,1529
589,3296
590,1694
591,918
592,2487
593,1556
594,1373
595,2995
596,1482
597,2509
598,2823
599,335
600,741
601,334
602,2567
603,2640
604,4293
605,3366
606,706
607,3547
608,3347
609,3232
610,3340
611,3951
612,1191
613,4036
614,2019
615,376
616,963
617,3630
618,2722
619,3254
620,2111
621,3060
622,1328
623,2740
624,1189
625,1179
626,2989
627,4088
628,2570
629,2269
630,2320
631,1520
632,1020
633,3377
634,1074
635,881
636,783
637,2713
638,4080
639,533
640,3201
641,4210
642,608
643,2872
644,39
645,226
646,1825
647,3309
648,2749
649,2144
650,3119
651,1704
652,4158
653,187
654,2653
655,2603
656,111
657,1521
658,3901
659,157
660,480
661,2776
662,4167
663,1235
664,2736
665,3727
666,629
667,93
668,2052
669,2788
670,102
671,893
672,1101
673,367
674,1375
675,1311
676,1677
677,3298
678,1186
679,3930
680,1068
681,1477
682,3839
683,1853
684,2231
685,3247
686,3205
687,173
688,2411
689,3179
690,430
691,164
692,333
693,966
694,1741
695,2773
696,1658
697,3732
698,1172
699,3900
700,1954
701,3076
702,1156
703,73
704,1180
705,4265
706,197
707,2826
708,901
709,978
710,973
711,3693
712,2724
713,2128
714,2451
715,2489
716,1220
717,4021
718,3426
719,1229
720,134
721,584
722,1165
723,3950
724,3460
725,3230
726,1082
727,437
728,1388
729,601
730,2651
731,3833
732,3189
733,456
734,2926
735,3539
736,3802
737,242
738,1254
739,72
740,1287
741,2830
742,2122
743,1305
744,3339
745,3814
746,3379
747,1907
748,2617
749,689
750,3183
751,4233
752,2272
753,3495
754,207
755,2383
756,1476
757,1586
758,3676
759,1992
760,2937
761,2304
762,777
763,2566
764,668
765,2998
766,3036
767,1743
768,976
769,4175
770,1047
771,3855
772,2856
773,1479
774,3555
775,1504
776,1243
777,2348
778,3698
779,1197
780,3594
781,345
782,874
783,2500
784,498
785,4051
786,1909
787,1112
788,1928
789,2443
790,3722
791,3065
792,3879
793,1474
794,1003
795,714
796,2906
797,3954
798,3167
799,4123
800,257
801,1210
802,2583
803,537
804,271
805,1456
806,789
807,47
808,2175
809,1595
810,1695
811,2798
812,1050
813,2769
814,497
815,2893
816,1481
817,766
818,2527
819,4033
820,3277
821,547
822,84
823,2401
824,56
825,2868
826,3142
827,3636
828,2470
829,3640
830,4203
831,4086
832,464
833,855
834,1400
835,1932
836,749
837,3663
838,1443
839,3978
840,1734
841,965
842,19
843,4117
844,32
845,3688
846,4310
847,999
848,191
849,55
850,1310
851,2037
852,2623
853,2907
854,286
855,3202
856,4230
857,1411
858,2477
859,787
860,580
861,1751
862,2051
863,2283
864,1911
865,3126
866,837
867,3396
868,3925
869,1405
870,156
871,3223
872,1439
873,2565
874,2364
875,728
876,3556
877,2535
878,2540
879,2794
880,2606
881,2288
882,2366
883,3583
884,413
885,349
886,2082
887,3228
888,41
889,1267
890,1403
891,2842
892,3041
893,740
894,2172
895,614
896,1061
897,939
898,3101
899,2249
900,237
901,1620
902,159
903,1261
904,318
905,321
906,248
907,812
908,1672
909,1378
910,1607
911,952
912,2594
913,2517
914,1707
915,662
916,1508
917,4138
918,1929
919,3723
920,4030
921,1389
922,263
923,4073
924,1949
925,2238
926,3294
927,1083
928,3096
929,3039
930,126
931,670
932,1046
933,745
934,3021
935,2511
936,1006
937,1252
938,3999
939,2130
940,1145
941,100
942,2337
943,1396
944,2313
945,1463
946,192
947,34
948,964
949,3936
950,2171
951,938
952,3783
953,1123
954,3306
955,3072
956,3762
957,1485
958,3159
959,2792
960,453
961,3909
962,3140
963,4100
964,2027
965,1755
966,3064
967,309
968,3122
969,645
970,3448
971,1842
972,2890
973,3588
974,1536
975,4159
976,1010
977,2423
978,2351
979,1355
980,1421
981,2398
982,1502
983,124
984,2114
985,945
986,4190
987,278
988,3318
989,231
990,65
991,3104
992,3222
993,96
994,3894
995,3243
996,308
997,2195
998,2112
999,2744
1000,721
1001,1248
1002,220
1003,328
1004,3848
1005,2219
1006,2265
1007,907
1008,2094
1009,1055
1010,2835
1011,2404
1012,2154
1013,2115
1014,3705
1015,1625
1016,865
1017,2157
1018,1758
1019,2318
1020,1408
1021,3986
1022,1154
1023,2216
1024,123
1025,2105
1026,1844
1027,1426
1028,836
1029,602
1030,2948
1031,2911
1032,1726
1033,1133
1034,85
1035,3482
1036,3632
1037,1365
1038,2837
1039,798
1040,1099
1041,3210
1042,2091
1043,299
1044,3696
1045,3137
1046,2013
1047,1641
1048,2969
1049,1659
1050,1971
1051,3831
1052,1654
1053,2573
1054,360
1055,236
1056,3400
1057,1978
1058,3628
1059,473
1060,869
1061,4121
1062,1956
1063,3209
1064,255
1065,4078
1066,3841
1067,1054
1068,3813
1069,1639
1070,820
1071,2791
1072,2999
1073,690
1074,3018
1075,1680
1076,1202
1077,4111
1078,4048
1079,692
1080,3924
1081,1653
1082,1346
1083,3664
1084,1783
1085,762
1086,2555
1087,4214
1088,2581
1089,1817
1090,2506
1091,2270
1092,3465
1093,826
1094,2148
1095,791
1096,1543
1097,2388
1098,3336
1099,166
1100,1517
1101,249
1102,3467
1103,1756
1104,2515
1105,3139
1106,3568
1107,2047
1108,315
1109,2421
1110,3371
1111,638
1112,31
1113,2691
1114,2268
1115,1906
1116,984
1117,1158
1118,3124
1119,712
1120,1139
1121,22
1122,1789
1123,3707
1124,613
1125,488
1126,594
1127,1811
1128,4011
1129,1410
1130,2497
1131,2393
1132,3305
1133,1488
1134,4245
1135,4180
1136,1921
1137,1386
1138,664
1139,489
1140,2828
1141,817
1142,381
1143,1271
1144,2202
1145,3508
1146,2852
1147,74
1148,581
1149,1692
1150,2523
1151,3667
1152,1297
1153,1362
1154,3234
1155,536
1156,1799
1157,1075
1158,2716
1159,3563
1160,2503
1161,3246
1162,1646
1163,2943
1164,310
1165,3229
1166,2840
1167,2851
1168,288
1169,2634
1170,3714
1171,82
1172,1575
1173,443
1174,1063
1175,2759
1176,977
1177,1425
1178,2913
1179,3574
1180,1296
1181,107
1182,1049
1183,35
1184,2914
1185,3265
1186,2104
1187,2194
1188,705
1189,1489
1190,635
1191,805
1192,1987
1193,4261
1194,253
1195,1221
1196,1117
1197,919
1198,2391
1199,3475
1200,3515
1201,2578
1202,3605
1203,713
1204,3518
1205,1
1206,2480
1207,2802
1208,2032
1209,2720
1210,630
1211,1958
1212,2457
1213,1291
1214,621
1215,163
1216,2488
1217,3611
1218,4172
1219,725
1220,3847
1221,993
1222,2453
1223,4254
1224,842
1225,4058
1226,2743
1227,1114
1228,3308
1229,2412
1230,2938
1231,2282
1232,1062
1233,2229
1234,4231
1235,3807
1236,4209
1237,1209
1238,3374
1239,440
1240,910
1241,2541
1242,1983
1243,3267
1244,2344
1245,1058
1246,1964
1247,3704
1248,15
1249,2185
1250,3315
1251,342
1252,671
1253,1927
1254,1984
1255,545
1256,3795
1257,3011
1258,3186
1259,4186
1260,853
1261,1514
1262,2474
1263,1187
1264,1939
1265,3753
1266,3776
1267,1383
1268,2548
1269,4059
1270,3010
1271,3125
1272,2296
1273,1571
1274,1803
1275,3898
1276,3989
1277,534
1278,2281
1279,4
1280,2498
1281,2324
1282,132
1283,3962
1284,2311
1285,2800
1286,2886
1287,593
1288,3715
1289,2208
1290,354
1291,1989
1292,1981
1293,1578
1294,2804
1295,483
1296,2754
1297,1163
1298,1366
1299,2280
1300,1164
1301,140
1302,1309
1303,685
1304,1178
1305,2686
1306,3453
1307,549
1308,2287
1309,2844
1310,3861
1311,199
1312,475
1313,4002
1314,3116
1315,491
1316,3548
1317,642
1318,1214
1319,2714
1320,3669
1321,3398
1322,3770
1323,2478
1324,1051
1325,244
1326,1849
1327,86
1328,3799
1329,116
1330,2405
1331,4038
1332,3038
1333,3601
1334,3612
1335,2102
1336,2514
1337,3566
1338,1901
1339,2580
1340,2426
1341,2770
1342,3252
1343,1152
1344,3437
1345,1747
1346,2033
1347,2040
1348,1890
1349,1681
1350,33
1351,3866
1352,392
1353,515
1354,1522
1355,2206
1356,1763
1357,13
1358,1318
1359,3191
1360,1731
1361,2223
1362,16
1363,3768
1364,9
1365,2002
1366,2107
1367,686
1368,2335
1369,2407
1370,2778
1371,3393
1372,2072
1373,2469
1374,2433
1375,1864
1376,216
1377,3240
1378,3867
1379,300
1380,1418
1381,2975
1382,2775
1383,431
1384,4137
1385,1169
1386,2925
1387,718
1388,697
1389,174
1390,4224
1391,660
1392,2965
1393,2011
1394,3621
1395,4274
1396,3729
1397,2739
1398,2699
1399,1764
1400,1766
1401,1420
1402,4291
1403,1874
1404,1125
1405,1370
1406,3211
1407,3408
1408,1286
1409,1991
1410,1270
1411,1674
1412,3853
1413,2333
1414,646
1415,3030
1416,2371
1417,2985
1418,898
1419,356
1420,1013
1421,1940
1422,730
1423,2096
1424,1806
1425,3840
1426,1129
1427,2595
1428,4205
1429,180
1430,1604
1431,2624
1432,452
1433,2067
1434,1636
1435,4316
1436,554
1437,3524
1438,322
1439,860
1440,208
1441,3449
1442,1040
1443,3772
1444,2253
1445,1626
1446,2025
1447,1323
1448,1904
1449,2977
1450,390
1451,1111
1452,3598
1453,3128
1454,3958
1455,2126
1456,4003
1457,3356
1458,2261
1459,943
1460,69
1461,2765
1462,3642
1463,2628
1464,2012
1465,3085
1466,827
1467,2181
1468,165
1469,361
1470,418
1471,2900
1472,2605
1473,213
1474,205
1475,1493
1476,683
1477,1340
1478,1299
1479,3869
1480,3912
1481,1437
1482,1965
1483,2831
1484,337
1485,3757
1486,1977
1487,3317
1488,2971
1489,4242
1490,2221
1491,735
1492,2053
1493,344
1494,2084
1495,2932
1496,486
1497,2190
1498,2099
1499,2559
1500,3435
1501,2402
1502,2711
1503,3913
1504,1195
1505,4095
1506,1670
1507,1627
1508,3881
1509,4151
1510,3046
1511,2728
1512,1276
1513,895
1514,1605
1515,3404
1516,2293
1517,4234
1518,1342
1519,2941
1520,1127
1521,3376
1522,797
1523,951
1524,1313
1525,4174
1526,2684
1527,3365
1528,2702
1529,3917
1530,785
1531,62
1532,1759
1533,2370
1534,2214
1535,2589
1536,2806
1537,3905
1538,620
1539,2855
1540,3354
1541,652
1542,1184
1543,3268
1544,81
1545,2078
1546,3251
1547,2731
1548,2827
1549,2071
1550,2347
1551,3198
1552,4287
1553,2379
1554,3952
1555,2512
1556,1796
1557,2432
1558,941
1559,1064
1560,2305
1561,1216
1562,2475
1563,3182
1564,258
1565,1161
1566,3579
1567,3368
1568,1528
1569,4108
1570,4288
1571,1104
1572,290
1573,3596
1574,1753
1575,37
1576,1637
1577,2718
1578,2613
1579,1264
1580,2895
1581,4066
1582,1308
1583,2350
1584,3248
1585,3654
1586,3960
1587,1361
1588,750
1589,3114
1590,647
1591,1900
1592,2228
1593,130
1594,704
1595,2083
1596,1513
1597,3740
1598,1218
1599,3763
1600,760
1601,781
1602,2330
1603,3808
1604,1334
1605,3970
1606,4055
1607,4204
1608,1828
1609,2462
1610,3023
1611,4136
1612,1601
1613,1937
1614,3080
1615,1419
1616,1483
1617,1998
1618,4096
1619,1097
1620,2259
1621,3937
1622,3478
1623,4189
1624,238
1625,2672
1626,1143
1627,1891
1628,2390
1629,3784
1630,3885
1631,3647
1632,2910
1633,2803
1634,1684
1635,1676
1636,154
1637,1070
1638,2438
1639,3401
1640,2619
1641,46
1642,4271
1643,423
1644,4018
1645,1253
1646,3893
1647,764
1648,711
1649,2074
1650,3175
1651,1795
1652,626
1653,2385
1654,4282
1655,4229
1656,4072
1657,3501
1658,1223
1659,971
1660,3779
1661,4295
1662,4105
1663,1662
1664,790
1665,1242
1666,2125
1667,2599
1668,1737
1669,316
1670,2869
1671,4157
1672,2898
1673,259
1674,720
1675,1269
1676,2174
1677,2349
1678,450
1679,4303
1680,1897
1681,1072
1682,2669
1683,1247
1684,1157
1685,1530
1686,3295
1687,1384
1688,1550
1689,1472
1690,691
1691,2993
1692,3392
1693,2593
1694,1656
1695,1450
1696,2203
1697,3517
1698,3838
1699,586
1700,3595
1701,572
1702,2446
1703,3326
1704,1240
1705,3440
1706,2820
1707,592
1708,276
1709,2525
1710,2569
1711,1199
1712,57
1713,2000
1714,1096
1715,1790
1716,1004
1717,527
1718,3224
1719,377
1720,2496
1721,755
1722,2289
1723,3282
1724,3329
1725,2263
1726,3381
1727,4023
1728,1564
1729,2763
1730,3250
1731,1826
1732,2241
1733,3485
1734,3506
1735,2246
1736,1733
1737,2341
1738,716
1739,3015
1740,3551
1741,3761
1742,1523
1743,1107
1744,1847
1745,3527
1746,1459
1747,1946
1748,1461
1749,3372
1750,1934
1751,118
1752,1630
1753,1337
1754,149
1755,2300
1756,3418
1757,709
1758,816
1759,922
1760,1176
1761,3319
1762,555
1763,3665
1764,4317
1765,1531
1766,3003
1767,61
1768,3442
1769,4101
1770,1376
1771,617
1772,1095
1773,3208
1774,4089
1775,1023
1776,2278
1777,3216
1778,2050
1779,944
1780,3415
1781,1302
1782,1535
1783,3892
1784,2533
1785,2332
1786,3733
1787,4006
1788,3660
1789,1320
1790,3226
1791,2772
1792,2766
1793,675
1794,3316
1795,1830
1796,2394
1797,404
1798,3957
1799,1380
1800,1697
1801,1431
1802,1034
1803,949
1804,2009
1805,2054
1806,3766
1807,2493
1808,2991
1809,3531
1810,1445
1811,42
1812,3845
1813,541
1814,1539
1815,4054
1816,374
1817,610
1818,1583
1819,2675
1820,2338
1821,1182
1822,3160
1823,1499
1824,2973
1825,814
1826,928
1827,1840
1828,3007
1829,3609
1830,366
1831,650
1832,3348
1833,2077
1834,3979
1835,137
1836,1278
1837,128
1838,3987
1839,2442
1840,3262
1841,3652
1842,2638
1843,3380
1844,3718
1845,79
1846,3163
1847,4149
1848,1330
1849,4092
1850,2864
1851,1878
1852,829
1853,553
1854,1788
1855,1258
1856,850
1857,1668
1858,1131
1859,1685
1860,2923
1861,2046
1862,4253
1863,1740
1864,455
1865,2007
1866,3498
1867,911
1868,27
1869,1622
1870,1609
1871,824
1872,775
1873,1591
1874,1498
1875,2211
1876,731
1877,3349
1878,1721
1879,1889
1880,1025
1881,304
1882,3345
1883,336
1884,1715
1885,1925
1886,871
1887,1224
1888,245
1889,250
1890,3906
1891,202
1892,51
1893,2430
1894,1436
1895,2068
1896,58
1897,2664
1898,2244
1899,679
1900,665
1901,3618
1902,1021
1903,2441
1904,1957
1905,3334
1906,4098
1907,59
1908,2302
1909,155
1910,574
1911,2961
1912,1215
1913,2309
1914,2209
1915,458
1916,4001
1917,3155
1918,2132
1919,3734
1920,1066
1921,2701
1922,1002
1923,962
1924,905
1925,4289
1926,129
1927,1262
1928,1532
1929,2187
1930,1290
1931,1896
1932,1203
1933,4275
1934,2036
1935,1194
1936,18
1937,1008
1938,1675
1939,1085
1940,3852
1941,2546
1942,2858
1943,3965
1944,768
1945,737
1946,4068
1947,1292
1948,3545
1949,3810
1950,3054
1951,848
1952,2721
1953,796
1954,294
1955,4216
1956,4263
1957,2584
1958,4064
1959,982
1960,3095
1961,3778
1962,2086
1963,3983
1964,4173
1965,136
1966,409
1967,2098
1968,3532
1969,2352
1970,2134
1971,4082
1972,1087
1973,3463
1974,3259
1975,1245
1976,2903
1977,1948
1978,1633
1979,2173
1980,3542
1981,3590
1982,4185
1983,406
1984,522
1985,3333
1986,3486
1987,3546
1988,3887
1989,307
1990,2062
1991,2708
1992,1824
1993,2654
1994,2176
1995,560
1996,2494
1997,1181
1998,417
1999,707
2000,2023
2001,3526
2002,399
2003,2955
2004,1870
2005,2571
2006,1663
2007,2081
2008,1160
2009,998
2010,2983
2011,2704
2012,88
2013,3672
2014,1413
2015,3441
2016,2940
2017,1563
2018,3903
2019,1720
2020,221
2021,3322
2022,433
2023,517
2024,2813
2025,282
2026,2755
2027,3446
2028,4251
2029,1141
2030,1501
2031,415
2032,1688
2033,3945
2034,1819
2035,695
2036,2251
2037,3261
2038,4061
2039,1995
2040,2374
2041,868
2042,3464
2043,2199
2044,1910
2045,3266
2046,2415
2047,743
2048,930
2049,3933
2050,3110
2051,758
2052,753
2053,3721
2054,637
2055,4112
2056,3314
2057,3516
2058,3375
2059,3746
2060,2836
2061,466
2062,3586
2063,1570
2064,3476
2065,3992
2066,3863
2067,3604
2068,857
2069,3174
2070,3057
2071,2392
2072,1557
2073,3938
2074,3572
2075,3344
2076,190
2077,1712
2078,4283
2079,2597
2080,936
2081,2356
2082,3679
2083,369
2084,75
2085,3497
2086,1797
2087,80
2088,3276
2089,1603
2090,856
2091,3880
2092,3100
2093,899
2094,897
2095,211
2096,3417
2097,1616
2098,1846
2099,2945
2100,726
2101,2700
2102,587
2103,1260
2104,1779
2105,2369
2106,2611
2107,4144
2108,2435
2109,2028
2110,2793
2111,2299
2112,1464
2113,3755
2114,1045
2115,2966
2116,2141
2117,379
2118,908
2119,1455
2120,2884
2121,3327
2122,1573
2123,3560
2124,68
2125,4135
2126,2674
2127,1238
2128,1212
2129,2006
2130,3975
2131,2254
2132,604
2133,3480
2134,3629
2135,394
2136,3567
2137,1769
2138,3591
2139,1105
2140,641
2141,3836
2142,953
2143,482
2144,1774
2145,4264
2146,503
2147,811
2148,1458
2149,1588
2150,2247
2151,656
2152,1757
2153,3002
2154,2784
2155,1135
2156,2156
2157,2697
2158,3969
2159,4222
2160,2290
2161,410
2162,4309
2163,131
2164,1281
2165,1071
2166,3622
2167,5
2168,3244
2169,530
2170,2358
2171,1711
2172,3360
2173,1705
2174,1727
2175,3304
2176,1001
2177,2186
2178,2479
2179,2841
2180,3872
2181,403
2182,3067
2183,539
2184,2850
2185,1358
2186,1026
2187,40
2188,21
2189,2563
2190,722
2191,3483
2192,4009
2193,3615
2194,2723
2195,4277
2196,2439
2197,3716
2198,3589
2199,4241
2200,2748
2201,3468
2202,3606
2203,2386
2204,292
2205,2447
2206,1598
2207,2953
2208,78
2209,3058
2210,915
2211,476
2212,3152
2213,3875
2214,1304
2215,343
2216,63
2217,1691
2218,4039
2219,2956
2220,3873
2221,4091
2222,3070
2223,913
2224,1293
2225,113
2226,678
2227,3649
2228,2277
2229,3399
2230,987
2231,133
2232,1651
2233,105
2234,2061
2235,4266
2236,3458
2237,446
2238,3744
2239,1725
2240,3884
2241,1335
2242,351
2243,1590
2244,1742
2245,4132
2246,4211
2247,4097
2248,451
2249,4027
2250,2015
2251,2016
2252,849
2253,284
2254,2657
2255,2935
2256,834
2257,121
2258,1608
2259,4020
2260,401
2261,1173
2262,2297
2263,644
2264,1621
2265,152
2266,3161
2267,1395
2268,3395
2269,878
2270,2450
2271,3443
2272,6
2273,1873
2274,1854
2275,990
2276,30
2277,3886
2278,3982
2279,77
2280,3673
2281,1086
2282,1369
2283,889
2284,1547
2285,470
2286,974
2287,4140
2288,2262
2289,3695
2290,2834
2291,3260
2292,2879
2293,2679
2294,2437
2295,2121
2296,2472
2297,573
2298,3118
2299,3359
2300,2095
2301,2454
2302,1448
2303,795
2304,283
2305,4228
2306,348
2307,3410
2308,808
2309,2816
2310,184
2311,839
2312,2273
2313,1885
2314,4035
2315,3055
2316,1852
2317,2652
2318,2616
2319,2901
2320,3196
2321,2038
2322,2376
2323,420
2324,699
2325,1678
2326,327
2327,1228
2328,1859
2329,3968
2330,101
2331,841
2332,2117
2333,818
2334,2031
2335,3292
2336,3645
2337,3332
2338,3258
2339,3087
2340,2790
2341,4300
2342,2904
2343,91
2344,2159
2345,1509
2346,412
2347,2008
2348,2417
2349,799
2350,4225
2351,3564
2352,3462
2353,469
2354,3562
2355,1922
2356,546
2357,357
2358,3290
2359,2824
2360,1233
2361,702
2362,1551
2363,4015
2364,3825
2365,448
2366,2845
2367,3474
2368,972
2369,2212
2370,3585
2371,1951
2372,1416
2373,3281
2374,2644
2375,585
2376,2461
2377,95
2378,1767
2379,2410
2380,3283
2381,2601
2382,2445
2383,3739
2384,2207
2385,3758
2386,436
2387,2944
2388,3237
2389,931
2390,2029
2391,3756
2392,3738
2393,809
2394,3771
2395,1990
2396,2191
2397,425
2398,525
2399,3625
2400,2970
2401,2166
2402,3286
2403,1822
2404,2660
2405,4202
2406,1192
2407,957
2408,1434
2409,1166
2410,1559
2411,3024
2412,3235
2413,235
2414,1920
2415,1150
2416,1812
2417,424
2418,2576
2419,427
2420,934
2421,3
2422,178
2423,2695
2424,3980
2425,4032
2426,439
2427,767
2428,615
2429,989
2430,1777
2431,2636
2432,2673
2433,3158
2434,751
2435,3868
2436,3414
2437,1969
2438,3834
2439,3077
2440,2692
2441,2920
2442,3543
2443,959
2444,4239
2445,363
2446,4171
2447,1322
2448,1392
2449,48
2450,3113
2451,3430
2452,1491
2453,1503
2454,3227
2455,3907
2456,551
2457,1865
2458,233
2459,3503
2460,577
2461,2233
2462,2531
2463,845
2464,1638
2465,329
2466,1250
2467,1869
2468,1930
2469,1401
2470,167
2471,267
2472,1089
2473,2035
2474,1947
2475,2642
2476,3455
2477,4197
2478,4046
2479,2967
2480,2735
2481,3151
2482,1749
2483,3680
2484,3419
2485,2424
2486,542
2487,90
2488,2545
2489,1204
2490,2419
2491,1412
2492,3520
2493,847
2494,3215
2495,2552
2496,127
2497,87
2498,200
2499,2698
2500,3217
2501,2554
2502,3059
2503,465
2504,3966
2505,1762
2506,2688
2507,3525
2508,523
2509,2751
2510,2466
2511,3491
2512,2562
2513,3170
2514,2917
2515,3735
2516,1470
2517,1982
2518,2508
2519,3220
2520,380
2521,1918
2522,2375
2523,2325
2524,3300
2525,1875
2526,3891
2527,3177
2528,1100
2529,4187
2530,391
2531,4062
2532,3362
2533,802
2534,674
2535,1232
2536,3287
2537,2959
2538,1791
2539,771
2540,1546
2541,1599
2542,1449
2543,1519
2544,2880
2545,4297
2546,1912
2547,3045
2548,2065
2549,2542
2550,657
2551,3214
2552,3530
2553,198
2554,92
2555,3382
2556,1970
2557,2093
2558,4160
2559,1494
2560,2060
2561,2870
2562,1196
2563,2954
2564,1581
2565,3998
2566,806
2567,4168
2568,474
2569,2530
2570,2891
2571,1053
2572,3650
2573,956
2574,3459
2575,3651
2576,622
2577,3157
2578,3717
2579,2534
2580,1465
2581,1239
2582,3682
2583,1137
2584,3176
2585,3454
2586,723
2587,3241
2588,3789
2589,3553
2590,1329
2591,2286
2592,2243
2593,2529
2594,2140
2595,4170
2596,569
2597,11
2598,297
2599,2483
2600,3824
2601,3253
2602,2152
2603,4199
2604,3661
2605,3573
2606,1016
2607,516
2608,2810
2609,3427
2610,3091
2611,3049
2612,2918
2613,4118
2614,396
2615,3121
2616,1345
2617,1265
2618,1888
2619,457
2620,3145
2621,562
2622,701
2623,3923
2624,400
2625,3948
2626,1417
2627,3154
2628,3017
2629,3274
2630,1124
2631,4320
2632,3752
2633,3436
2634,1121
2635,2931
2636,2258
2637,1347
2638,3361
2639,3973
2640,2849
2641,2526
2642,1589
2643,563
2644,651
2645,1716
2646,986
2647,1333
2648,669
2649,2363
2650,4150
2651,3312
2652,1612
2653,196
2654,1146
2655,3537
2656,1552
2657,2591
2658,1544
2659,2819
2660,2310
2661,4005
2662,1562
2663,1516
2664,3785
2665,3413
2666,1382
2667,3402
2668,1645
2669,3008
2670,2106
2671,1850
2672,4114
2673,3146
2674,4154
2675,4115
2676,3511
2677,1303
2678,732
2679,4165
2680,4025
2681,1942
2682,2018
2683,3692
2684,1390
2685,2873
2686,103
2687,3862
2688,1031
2689,1354
2690,2928
2691,445
2692,1442
2693,1895
2694,1908
2695,2361
2696,463
2697,2372
2698,3830
2699,2862
2700,1728
2701,3061
2702,2136
2703,2182
2704,1537
2705,2326
2706,1007
2707,875
2708,3639
2709,2224
2710,2505
2711,148
2712,3112
2713,2133
2714,229
2715,1444
2716,558
2717,663
2718,4093
2719,3341
2720,49
2721,364
2722,3800
2723,2240
2724,2753
2725,1815
2726,1433
2727,3918
2728,2921
2729,2729
2730,1868
2731,3854
2732,12
2733,3711
2734,3769
2735,2316
2736,1632
2737,1231
2738,4302
2739,2629
2740,3687
2741,2317
2742,969
2743,3098
2744,2992
2745,2146
2746,1568
2747,3791
2748,2666
2749,3597
2750,4103
2751,3188
2752,2678
2753,146
2754,1119
2755,2192
2756,3168
2757,929
2758,4307
2759,2572
2760,1272
2761,1130
2762,2022
2763,2378
2764,52
2765,2986
2766,1999
2767,822
2768,510
2769,2073
2770,1845
2771,947
2772,201
2773,4248
2774,4017
2775,442
2776,168
2777,4273
2778,4050
2779,2988
2780,289
2781,3550
2782,3708
2783,1397
2784,224
2785,3082
2786,1324
2787,3533
2788,3888
2789,914
2790,3093
2791,1298
2792,2976
2793,2227
2794,4191
2795,3801
2796,991
2797,2612
2798,992
2799,3699
2800,3643
2801,627
2802,50
2803,227
2804,2882
2805,2429
2806,2276
2807,1798
2808,1327
2809,521
2810,151
2811,567
2812,1093
2813,2579
2814,2631
2815,3616
2816,1030
2817,3856
2818,185
2819,3133
2820,1966
2821,2808
2822,3452
2823,1015
2824,3797
2825,1246
2826,2812
2827,3033
2828,932
2829,181
2830,603
2831,1776
2832,3510
2833,2809
2834,1326
2835,2331
2836,564
2837,1631
2838,3034
2839,3709
2840,485
2841,2486
2842,1017
2843,597
2844,1149
2845,2004
2846,844
2847,3837
2848,4131
2849,3782
2850,4081
2851,1732
2852,1244
2853,94
2854,3582
2855,1142
2856,3956
2857,2786
2858,3028
2859,511
2860,4218
2861,3519
2862,677
2863,3685
2864,2160
2865,4060
2866,862
2867,3683
2868,3929
2869,2783
2870,99
2871,1574
2872,372
2873,659
2874,832
2875,4188
2876,324
2877,291
2878,1666
2879,859
2880,607
2881,3944
2882,2760
2883,2225
2884,2153
2885,2915
2886,1280
2887,1168
2888,4313
2889,2420
2890,995
2891,1903
2892,179
2893,1862
2894,4044
2895,490
2896,1348
2897,2608
2898,2039
2899,3050
2900,3702
2901,3512
2902,830
2903,3001
2904,2217
2905,746
2906,106
2907,4124
2908,4075
2909,1919
2910,1587
2911,3037
2912,3536
2913,1894
2914,2756
2915,3874
2916,2799
2917,1821
2918,499
2919,3353
2920,3022
2921,1339
2922,3194
2923,833
2924,2648
2925,319
2926,2234
2927,2719
2928,1827
2929,1841
2930,3479
2931,3494
2932,3311
2933,863
2934,1881
2935,110
2936,3981
2937,3236
2938,1972
2939,598
2940,4250
2941,3473
2942,1359
2943,3346
2944,2553
2945,1988
2946,2742
2947,3648
2948,3823
